exit_time,net_pl,return
2023,-395.5302930134717,-0.019776514650673583
2024,-163.7638995125832,-0.00818819497562916
2025,361.4600846505034,0.01807300423252517
2026,523.6723307350072,0.026183616536750363
